id;first_name;last_name;alias
53ba8ae0-d4fd-4bf6-8def-cbd3ae9594c3;John;Brown;
b6961906-cff9-4797-bf1c-72de7e25c65e;Emily;Martin;
b7659167-7c2e-410a-a9ac-5a9124a90fed;Michael;Jackson;
91c74b9c-450b-42a6-ae9d-f83388eebdb9;Olivia;Taylor;
380693fd-a0e2-4203-ba01-a0e1d79dd736;Daniel;Taylor;
3c92c7ec-1c8c-4c94-b888-2d37dce307f6;Olivia;Thomas;
c0f5a7ed-3695-477d-b784-3259490c03b3;Emily;Johnson;
be6f07f9-b364-467b-a338-8fc9b6e43c41;Daniel;Harris;
a409e147-0b37-452e-bfc0-30e099fcaf4f;Ava;Johnson;
ef118b14-f433-44c3-8e47-ee232c6fe3c3;Daniel;Thomas;
457d8db0-7076-4349-8f3c-07e6b08c2fac;John;Smith;
218c33f6-ff15-40cf-b05b-023d0ee5c0b9;Sophia;Thomas;
212a87f3-1dbc-4131-bd94-2faf971454d5;Sophia;Taylor;
45061150-96da-42e6-bdd0-abf3cbd4f0b4;Olivia;Harris;
a8987820-a635-49ba-9fb7-2d1bc2e0e327;Emily;Jackson;
4eac6880-900a-4f7e-918d-cc1ae1b9313c;Emma;Brown;
066a7a2c-ced8-4744-b897-04c3ee0eb8ac;Liam;Smith;
aff6ee5b-c63e-459b-8f8c-303b5a0e219c;Sophia;Harris;
68c60e16-4b2d-42a6-bd05-6faa13e5025a;Michael;White;
757f650d-8a98-4594-9e95-2ea03c7a7d03;Ava;Anderson;
40cf3773-57f3-4b7b-b196-d77df5bc24f7;Sophia;Jackson;
d5965de3-8bd8-47bf-8fad-fbf9aa4729dd;Michael;Anderson;
63864c39-e874-4207-9e9a-15a273bba55b;Michael;Brown;
8994a071-5982-4a87-b072-a8db0fd3bac2;Ava;White;
d64e052c-2c67-4567-97be-0c3c7846df1d;Emily;Anderson;
a38eff67-82f2-4120-a833-bda72ac90eaf;James;Taylor;
0c84811f-9500-4e8c-8964-259e272c1314;Daniel;Smith;
e990edf4-af4a-4274-a64a-8de0a049d0f5;Liam;Johnson;
35d5e975-0d37-4e2e-85c6-fb999383d6c1;Sophia;Smith;
95c0df5d-23fc-4924-a264-bced8a2c033a;John;Martin;
cf3c8d62-53c5-4c8f-a6c3-ea0a2140add9;Michael;Johnson;
c991a811-343a-4c2c-8f7f-c3e68fa01bbc;Sophia;Brown;
e79f7258-d689-4d02-b096-8a7a509c3eec;Liam;Taylor;
9f97e4a6-1dc1-423f-ac03-c7d2abf3cb45;John;White;
ea23741b-d7da-40ae-af9a-1e9bcf15a009;Olivia;Smith;
32b642a1-6f29-42fe-8626-63c9ad1a299e;Sophia;Johnson;
2c48bcfc-b8b4-48d2-9aeb-e39458a421f9;Ava;Harris;
e408aad4-304b-4937-a6f0-e0f7b63e6ba8;Olivia;White;
6dcaebad-d98c-482e-8911-bad1b872ff65;James;Smith;
d6bf704b-4371-4c09-b183-79832eba261a;James;Brown;
f85f5f29-0b94-4f27-b703-349070ec9803;Liam;White;
2128bfef-fe60-40ff-9a94-7a033cb6d778;Daniel;Anderson;
da5c42ae-8f43-4599-b895-f5440ba1a2bb;Emma;Harris;
75ef523e-b7f3-4f61-ba21-0832a5d29770;Daniel;White;
1eb590a9-bdb9-4f90-b024-192f545913d8;Liam;Jackson;
866e3915-100c-4dba-b5dd-cfaea38c17cd;Emma;Thomas;
80ec70e1-f920-4815-ad42-fef4fc5140d4;Ava;Smith;
b70718f5-2b66-4ad6-97a0-90518acbfc76;Liam;Brown;
d8dadaa4-92cf-4165-bf31-6ec263f68408;Ava;Martin;
79c033b4-b769-4eb8-afe1-0e2608885a4b;John;Jackson;
fd2b966a-e5f8-4160-8e7f-2aea46758e2c;Daniel;Johnson;
2ac252d1-7d54-40be-866c-fdeb81cc99da;Olivia;Jackson;
de6462d4-30bc-406d-adf3-a1b252ae68b2;James;Harris;
000a99aa-eca4-4a13-842f-48e15b065b1e;Michael;Smith;
21833434-76c8-4238-baed-a25811c9b023;Emily;White;
9526210b-041b-490b-85e7-9d566edeb150;James;Anderson;
c3530547-7ce5-4a38-be9e-a5c4d3a41294;Michael;Harris;
e0d08493-1ae9-4f51-a09a-a41acee63e0a;Michael;Thomas;
7d18a674-d244-4509-b7e8-0befd9e72226;Emma;Jackson;
caef1601-e888-4676-9c0c-766bca07282d;Sophia;Martin;
66d53607-931a-4215-8509-1a7e55f717cc;Ava;Thomas;
d205a1bc-91c1-4176-8a8e-20a4c554bdc1;Emma;Smith;
498b9d88-d1a7-48c0-8771-8ec8c5f393f9;Ava;Brown;
283d25a8-5c98-482f-acfb-d4a0ab79320d;Emily;Taylor;
da2896dc-5df6-4412-8d7e-752ac89dac09;James;White;
311aa40b-4656-4d07-afda-92b6546b54a0;Sophia;White;
d36ddb05-30b0-4f62-8212-b6d859f157ec;John;Anderson;
7abd8f17-cf9f-4eeb-a344-7b61631df8d0;Emily;Smith;
e9e7e5f8-89e2-493a-9357-9c787567f9f6;Emma;White;
f1ff6156-1901-4213-9edc-414d1e066ce1;John;Johnson;
61feb400-facd-40eb-981b-a84562f725af;Olivia;Johnson;
7ace328a-7498-4d00-8c16-1213ae53473a;Sophia;Anderson;
c1bd35b2-c123-4b5f-a1df-57e217d548d9;Emily;Brown;
c679e50d-448a-4292-bdc1-b9a21dcd3d8f;Emma;Martin;
ff22b6c8-3a4b-4b2d-a889-514b81cd3674;Olivia;Martin;
f7ee0709-f73f-416a-834f-9cbe2a0f7c6a;Olivia;Anderson;
1a49ef1b-9c9a-4957-b67b-bd428976b676;Michael;Martin;
66c6d708-b3ba-494b-80ba-fb1994e933cf;James;Johnson;
4687343d-93b9-44f9-92d9-1e8370111787;Liam;Harris;
79738c04-d853-4cdc-b688-603f9810a8c9;Liam;Martin;
e0808461-782a-4429-a8f2-1e816bb6b38d;Emma;Anderson;
59e13f64-fdc9-407b-bc3b-6bdb59627b6f;John;Taylor;
f690a71d-3e5c-4c50-b49c-43e4299ced47;James;Martin;
9b548718-436f-49a7-bec0-4fbf183527f7;Daniel;Martin;
3b6359a9-89b7-4087-a7b8-bd76f4e139a9;James;Jackson;
11ad3ccb-55a7-4589-adba-dd94d0c5f767;Michael;Taylor;